{
  "type": "atmosphere:atmosphere_dimension",
  "generator": {
    "type": "minecraft:noise",
    "seed": 7201281593920528692,
    "biome_source": {
      "type": "minecraft:multi_noise",
      "biomes": [
        {
          "biome": "atmosphere:wavy_meadow",
          "parameters": {
            "temperature": [
              -0.399999999999,
              0.266666666667
            ],
            "humidity": [
              0.666666666667,
              1.333333333333
            ],
            "continentalness": [
              0.256666666667,
              0.923333333333
            ],
            "weirdness": [
              -0.552568823736,
              0.11409784293
            ],
            "erosion": [
              0.366666666667,
              1.033333333333
            ],
            "depth": 0,
            "offset": 0
          }
        },
        {
          "biome": "atmosphere:petal_paradise",
          "parameters": {
            "temperature": [
              0.166666666667,
              0.766666666667
            ],
            "humidity": [
              0.3,
              0.9
            ],
            "continentalness": [
              0.23,
              0.83
            ],
            "weirdness": [
              -0.519235490403,
              0.080764509597
            ],
            "erosion": [
              0.1,
              0.7
            ],
            "depth": 0,
            "offset": 0
          }
        },
        {
          "biome": "atmosphere:dusty_luma",
          "parameters": {
            "temperature": [
              0.366666666667,
              1.100000000001
            ],
            "humidity": [
              -1.366666666667,
              -0.633333333333
            ],
            "continentalness": [
              0.113333333333,
              0.846666666667
            ],
            "weirdness": [
              -0.58590215707,
              0.147431176264
            ],
            "erosion": [
              -0.366666666667,
              0.366666666667
            ],
            "depth": 0,
            "offset": 0
          }
        }
      ]
    },
    "settings": {
      "name": "atmosphere:atmosphere_dimension",
      "sea_level": 0,
      "legacy_random_source": true,
      "disable_mob_generation": false,
      "noodle_caves_enabled": true,
      "noise_caves_enabled": true,
      "aquifers_enabled": true,
      "deepslate_enabled": true,
      "ore_veins_enabled": true,
      "default_block": {
        "Name": "atmosphere:shatter_stone"
      },
      "default_fluid": {
        "Name": "minecraft:water",
        "Properties": {
          "level": "0"
        }
      },
      "spawn_target": [],
      "noise": {
        "min_y": 0,
        "height": 128,
        "size_horizontal": 2,
        "size_vertical": 1,
        "island_noise_override": true
      },
      "noise_router": {
        "barrier": 0,
        "fluid_level_floodedness": 0,
        "fluid_level_spread": 0,
        "lava": 0,
        "temperature": 0,
        "vegetation": 0,
        "continents": 0,
        "erosion": {
          "type": "minecraft:cache_2d",
          "argument": {
            "type": "minecraft:end_islands"
          }
        },
        "depth": 0,
        "ridges": 0,
        "initial_density_without_jaggedness": {
          "type": "minecraft:add",
          "argument1": -0.234375,
          "argument2": {
            "type": "minecraft:mul",
            "argument1": {
              "type": "minecraft:y_clamped_gradient",
              "from_y": 4,
              "to_y": 32,
              "from_value": 0,
              "to_value": 1
            },
            "argument2": {
              "type": "minecraft:add",
              "argument1": 0.234375,
              "argument2": {
                "type": "minecraft:add",
                "argument1": -23.4375,
                "argument2": {
                  "type": "minecraft:mul",
                  "argument1": {
                    "type": "minecraft:y_clamped_gradient",
                    "from_y": 56,
                    "to_y": 312,
                    "from_value": 1,
                    "to_value": 0
                  },
                  "argument2": {
                    "type": "minecraft:add",
                    "argument1": 23.4375,
                    "argument2": {
                      "type": "minecraft:add",
                      "argument1": -0.703125,
                      "argument2": {
                        "type": "minecraft:cache_2d",
                        "argument": {
                          "type": "minecraft:end_islands"
                        }
                      }
                    }
                  }
                }
              }
            }
          }
        },
        "final_density": {
          "type": "minecraft:squeeze",
          "argument": {
            "type": "minecraft:mul",
            "argument1": 0.64,
            "argument2": {
              "type": "minecraft:interpolated",
              "argument": {
                "type": "minecraft:blend_density",
                "argument": {
                  "type": "minecraft:add",
                  "argument1": -0.234375,
                  "argument2": {
                    "type": "minecraft:mul",
                    "argument1": {
                      "type": "minecraft:y_clamped_gradient",
                      "from_y": 4,
                      "to_y": 32,
                      "from_value": 0,
                      "to_value": 1
                    },
                    "argument2": {
                      "type": "minecraft:add",
                      "argument1": 0.234375,
                      "argument2": {
                        "type": "minecraft:add",
                        "argument1": -23.4375,
                        "argument2": {
                          "type": "minecraft:mul",
                          "argument1": {
                            "type": "minecraft:y_clamped_gradient",
                            "from_y": 56,
                            "to_y": 312,
                            "from_value": 1,
                            "to_value": 0
                          },
                          "argument2": {
                            "type": "minecraft:add",
                            "argument1": 23.4375,
                            "argument2": "minecraft:end/sloped_cheese"
                          }
                        }
                      }
                    }
                  }
                }
              }
            }
          }
        },
        "vein_toggle": 0,
        "vein_ridged": 0,
        "vein_gap": 0
      },
      "surface_rule": {
        "type": "minecraft:sequence",
        "sequence": [
          {
            "type": "minecraft:condition",
            "if_true": {
              "type": "minecraft:biome",
              "biome_is": [
                "atmosphere:wavy_meadow"
              ]
            },
            "then_run": {
              "type": "minecraft:sequence",
              "sequence": [
                {
                  "type": "minecraft:condition",
                  "if_true": {
                    "type": "minecraft:stone_depth",
                    "surface_type": "floor",
                    "add_surface_depth": false,
                    "secondary_depth_range": 0,
                    "offset": 0
                  },
                  "then_run": {
                    "type": "minecraft:sequence",
                    "sequence": [
                      {
                        "type": "minecraft:condition",
                        "if_true": {
                          "type": "minecraft:water",
                          "offset": -1,
                          "surface_depth_multiplier": 0,
                          "add_stone_depth": false
                        },